Model,MAE
LinearRegression,0.001012245973409439
Ridge,0.001012260252378179
Lasso,0.0031209172200000004
PolynomialRegression,0.0010127281447290446
RandomForest,0.0010202921788565046
SVR,0.0031695
XGBoost,0.001017199392464757
LightGBM,0.001016961707558259
