Model,MAE
LinearRegression,86.27825302504864
Ridge,86.27692095408787
Lasso,86.27330839944854
PolynomialRegression,57.46854511248217
RandomForest,6.775753396969968
SVR,41.50380395023846
XGBoost,5.091367713066101
LightGBM,5.3699891793602035
